{
	"description": "<p>Metadata Engine Powered by TMDB. Supports up to 6 On-Demand Streaming Addons at Once and Live TV World-Wide.",
	"author": "F0R3V3R50F7",
	"homepage": "http://github.com/lprot/movian-plugin-streamian",
	"title": "Streamian",
	"synopsis": "One stop for Shows, Movies & Free-to-Air TV with Personal Library & Subtitle Plugin Support.",
	"version": "7.9",
        "file": "streamian.js",
	"m7Version": "7.0.0",
	"type": "ecmascript",
	"id": "streamian",
	"icon": "images/logo.png",
	"category": "video"
}