{
	"description": "<p>Supports:<p>* TPB.party<p>* Archive.org<p>* YTS.mx<p>* EZTVx.to<p>* i.mjh.nz<p>* Apsattv.com<p>* MyCamTV.com (18+)",
	"author": "F0R3V3R50F7",
	"homepage": "http://github.com/lprot/movian-plugin-streamian",
	"title": "Streamian",
	"synopsis": "One stop for Shows, Movies & Free-to-Air TV with Personal Library & Subtitle Plugin Support.",
	"version": "5.7",
        "file": "streamian.js",
	"m7Version": "7.0.0",
	"type": "ecmascript",
	"id": "streamian",
	"icon": "images/logo.png",
	"category": "video"
}